USE [master]
GO
/****** Object:  Database [WebFormsBEStandalone]    Script Date: 2/17/2017 8:12:11 AM ******/
CREATE DATABASE [WebFormsBEStandalone];

GO
ALTER DATABASE [WebFormsBEStandalone] SET COMPATIBILITY_LEVEL = 120
GO
IF (1 = FULLTEXTSERVICEPROPERTY('IsFullTextInstalled'))
begin
EXEC [WebFormsBEStandalone].[dbo].[sp_fulltext_database] @action = 'enable'
end
GO
ALTER DATABASE [WebFormsBEStandalone] SET ANSI_NULL_DEFAULT OFF 
GO
ALTER DATABASE [WebFormsBEStandalone] SET ANSI_NULLS OFF 
GO
ALTER DATABASE [WebFormsBEStandalone] SET ANSI_PADDING OFF 
GO
ALTER DATABASE [WebFormsBEStandalone] SET ANSI_WARNINGS OFF 
GO
ALTER DATABASE [WebFormsBEStandalone] SET ARITHABORT OFF 
GO
ALTER DATABASE [WebFormsBEStandalone] SET AUTO_CLOSE OFF 
GO
ALTER DATABASE [WebFormsBEStandalone] SET AUTO_SHRINK OFF 
GO
ALTER DATABASE [WebFormsBEStandalone] SET AUTO_UPDATE_STATISTICS ON 
GO
ALTER DATABASE [WebFormsBEStandalone] SET CURSOR_CLOSE_ON_COMMIT OFF 
GO
ALTER DATABASE [WebFormsBEStandalone] SET CURSOR_DEFAULT  GLOBAL 
GO
ALTER DATABASE [WebFormsBEStandalone] SET CONCAT_NULL_YIELDS_NULL OFF 
GO
ALTER DATABASE [WebFormsBEStandalone] SET NUMERIC_ROUNDABORT OFF 
GO
ALTER DATABASE [WebFormsBEStandalone] SET QUOTED_IDENTIFIER OFF 
GO
ALTER DATABASE [WebFormsBEStandalone] SET RECURSIVE_TRIGGERS OFF 
GO
ALTER DATABASE [WebFormsBEStandalone] SET  DISABLE_BROKER 
GO
ALTER DATABASE [WebFormsBEStandalone] SET AUTO_UPDATE_STATISTICS_ASYNC OFF 
GO
ALTER DATABASE [WebFormsBEStandalone] SET DATE_CORRELATION_OPTIMIZATION OFF 
GO
ALTER DATABASE [WebFormsBEStandalone] SET TRUSTWORTHY OFF 
GO
ALTER DATABASE [WebFormsBEStandalone] SET ALLOW_SNAPSHOT_ISOLATION OFF 
GO
ALTER DATABASE [WebFormsBEStandalone] SET PARAMETERIZATION SIMPLE 
GO
ALTER DATABASE [WebFormsBEStandalone] SET READ_COMMITTED_SNAPSHOT OFF 
GO
ALTER DATABASE [WebFormsBEStandalone] SET HONOR_BROKER_PRIORITY OFF 
GO
ALTER DATABASE [WebFormsBEStandalone] SET RECOVERY SIMPLE 
GO
ALTER DATABASE [WebFormsBEStandalone] SET  MULTI_USER 
GO
ALTER DATABASE [WebFormsBEStandalone] SET PAGE_VERIFY CHECKSUM  
GO
ALTER DATABASE [WebFormsBEStandalone] SET DB_CHAINING OFF 
GO
ALTER DATABASE [WebFormsBEStandalone] SET FILESTREAM( NON_TRANSACTED_ACCESS = OFF ) 
GO
ALTER DATABASE [WebFormsBEStandalone] SET TARGET_RECOVERY_TIME = 0 SECONDS 
GO
ALTER DATABASE [WebFormsBEStandalone] SET DELAYED_DURABILITY = DISABLED 
GO
USE [WebFormsBEStandalone]
GO

/****** Object:  Table [dbo].[__MigrationHistory]    Script Date: 2/17/2017 8:12:11 AM ******/
SET ANSI_NULLS ON
GO
SET QUOTED_IDENTIFIER ON
GO
SET ANSI_PADDING ON
GO
CREATE TABLE [dbo].[__MigrationHistory](
	[MigrationId] [nvarchar](150) NOT NULL,
	[ContextKey] [nvarchar](300) NOT NULL,
	[Model] [varbinary](max) NOT NULL,
	[ProductVersion] [nvarchar](32) NOT NULL,
 CONSTRAINT [PK_dbo.__MigrationHistory] PRIMARY KEY CLUSTERED 
(
	[MigrationId] ASC,
	[ContextKey] ASC
)WITH (PAD_INDEX = OFF, STATISTICS_NORECOMPUTE = OFF, IGNORE_DUP_KEY = OFF, ALLOW_ROW_LOCKS = ON, ALLOW_PAGE_LOCKS = ON) ON [PRIMARY]
) ON [PRIMARY] TEXTIMAGE_ON [PRIMARY]

GO
SET ANSI_PADDING OFF
GO
/****** Object:  Table [dbo].[AspNetRoles]    Script Date: 2/17/2017 8:12:11 AM ******/
SET ANSI_NULLS ON
GO
SET QUOTED_IDENTIFIER ON
GO
CREATE TABLE [dbo].[AspNetRoles](
	[Id] [nvarchar](128) NOT NULL,
	[Name] [nvarchar](256) NOT NULL,
 CONSTRAINT [PK_dbo.AspNetRoles] PRIMARY KEY CLUSTERED 
(
	[Id] ASC
)WITH (PAD_INDEX = OFF, STATISTICS_NORECOMPUTE = OFF, IGNORE_DUP_KEY = OFF, ALLOW_ROW_LOCKS = ON, ALLOW_PAGE_LOCKS = ON) ON [PRIMARY]
) ON [PRIMARY]

GO
/****** Object:  Table [dbo].[AspNetUserClaims]    Script Date: 2/17/2017 8:12:11 AM ******/
SET ANSI_NULLS ON
GO
SET QUOTED_IDENTIFIER ON
GO
CREATE TABLE [dbo].[AspNetUserClaims](
	[Id] [int] IDENTITY(1,1) NOT NULL,
	[UserId] [nvarchar](128) NOT NULL,
	[ClaimType] [nvarchar](max) NULL,
	[ClaimValue] [nvarchar](max) NULL,
 CONSTRAINT [PK_dbo.AspNetUserClaims] PRIMARY KEY CLUSTERED 
(
	[Id] ASC
)WITH (PAD_INDEX = OFF, STATISTICS_NORECOMPUTE = OFF, IGNORE_DUP_KEY = OFF, ALLOW_ROW_LOCKS = ON, ALLOW_PAGE_LOCKS = ON) ON [PRIMARY]
) ON [PRIMARY] TEXTIMAGE_ON [PRIMARY]

GO
/****** Object:  Table [dbo].[AspNetUserLogins]    Script Date: 2/17/2017 8:12:11 AM ******/
SET ANSI_NULLS ON
GO
SET QUOTED_IDENTIFIER ON
GO
CREATE TABLE [dbo].[AspNetUserLogins](
	[LoginProvider] [nvarchar](128) NOT NULL,
	[ProviderKey] [nvarchar](128) NOT NULL,
	[UserId] [nvarchar](128) NOT NULL,
 CONSTRAINT [PK_dbo.AspNetUserLogins] PRIMARY KEY CLUSTERED 
(
	[LoginProvider] ASC,
	[ProviderKey] ASC,
	[UserId] ASC
)WITH (PAD_INDEX = OFF, STATISTICS_NORECOMPUTE = OFF, IGNORE_DUP_KEY = OFF, ALLOW_ROW_LOCKS = ON, ALLOW_PAGE_LOCKS = ON) ON [PRIMARY]
) ON [PRIMARY]

GO
/****** Object:  Table [dbo].[AspNetUserRoles]    Script Date: 2/17/2017 8:12:11 AM ******/
SET ANSI_NULLS ON
GO
SET QUOTED_IDENTIFIER ON
GO
CREATE TABLE [dbo].[AspNetUserRoles](
	[UserId] [nvarchar](128) NOT NULL,
	[RoleId] [nvarchar](128) NOT NULL,
 CONSTRAINT [PK_dbo.AspNetUserRoles] PRIMARY KEY CLUSTERED 
(
	[UserId] ASC,
	[RoleId] ASC
)WITH (PAD_INDEX = OFF, STATISTICS_NORECOMPUTE = OFF, IGNORE_DUP_KEY = OFF, ALLOW_ROW_LOCKS = ON, ALLOW_PAGE_LOCKS = ON) ON [PRIMARY]
) ON [PRIMARY]

GO
/****** Object:  Table [dbo].[AspNetUsers]    Script Date: 2/17/2017 8:12:11 AM ******/
SET ANSI_NULLS ON
GO
SET QUOTED_IDENTIFIER ON
GO
CREATE TABLE [dbo].[AspNetUsers](
	[Id] [nvarchar](128) NOT NULL,
	[Email] [nvarchar](256) NULL,
	[EmailConfirmed] [bit] NOT NULL,
	[PasswordHash] [nvarchar](max) NULL,
	[SecurityStamp] [nvarchar](max) NULL,
	[PhoneNumber] [nvarchar](max) NULL,
	[PhoneNumberConfirmed] [bit] NOT NULL,
	[TwoFactorEnabled] [bit] NOT NULL,
	[LockoutEndDateUtc] [datetime] NULL,
	[LockoutEnabled] [bit] NOT NULL,
	[AccessFailedCount] [int] NOT NULL,
	[UserName] [nvarchar](256) NOT NULL,
	[Tenant_Id] [int] NULL,
 CONSTRAINT [PK_dbo.AspNetUsers] PRIMARY KEY CLUSTERED 
(
	[Id] ASC
)WITH (PAD_INDEX = OFF, STATISTICS_NORECOMPUTE = OFF, IGNORE_DUP_KEY = OFF, ALLOW_ROW_LOCKS = ON, ALLOW_PAGE_LOCKS = ON) ON [PRIMARY]
) ON [PRIMARY] TEXTIMAGE_ON [PRIMARY]

GO
/****** Object:  Table [dbo].[Tenants]    Script Date: 2/17/2017 8:12:11 AM ******/
SET ANSI_NULLS ON
GO
SET QUOTED_IDENTIFIER ON
GO
CREATE TABLE [dbo].[Tenants](
	[Id] [int] IDENTITY(1,1) NOT NULL,
	[Name] [nvarchar](max) NULL,
 CONSTRAINT [PK_dbo.Tenants] PRIMARY KEY CLUSTERED 
(
	[Id] ASC
)WITH (PAD_INDEX = OFF, STATISTICS_NORECOMPUTE = OFF, IGNORE_DUP_KEY = OFF, ALLOW_ROW_LOCKS = ON, ALLOW_PAGE_LOCKS = ON) ON [PRIMARY]
) ON [PRIMARY] TEXTIMAGE_ON [PRIMARY]

GO
INSERT [dbo].[__MigrationHistory] ([MigrationId], [ContextKey], [Model], [ProductVersion]) VALUES (N'201611282113545_InitialCreate', N'WebFormsBEStandaloneStarterKit.Models.ApplicationDbContext', 0x1F8B0800000000000400DD5CDD6EE33616BE2FB0EF20E86AB748ADFCEC0C6603A745EA246DD0C90FC69962EF06B4443BC248942B516982C53ED95EEC23ED2B2C299192F8275196623B8302C55822BF7378F8913C3C3A27FFFBCF7FA73F3DC791F304D32C4CD0997B3439741D88FC2408D1EACCCDF1F2870FEE4F3FFEE5BBE965103F3BBFF37627B41DE989B233F711E3F5A9E765FE238C413689433F4DB26489277E127B2048BCE3C3C37F7847471E24102EC1729CE9A71CE13086C50FF27396201FAE710EA29B248051C69E9337F302D5B90531CCD6C08767EECD93FF6E8E418A61FA5B88276507D7398F42409499C368E93A00A104034C543DFD9CC1394E13B49AAFC903103DBCAC2169B7045106D9104EEBE6B6A3393CA6A3F1EA8E1CCACF339CC43D018F4E98793CB9FB4646762BF311035E1243E3173AEAC28867EE75008B479F9288184016783A8B52DA98D8B912719EAD6F219EF08E9312F22A25707F26E9D74913F1C0B1EE7750D1E9787248FF3B70667984F3149E2198E3144407CE7DBE8842FF37F8F2907C85E8ECE468B13CF9F0EE3D084EDEFF1D9EBC6B8E948C95B4131E9047F769B28629D10D2EABF1BB8E27F6F3E48E55B7469FD22A844B6465B8CE0D78FE08D10A3F923573FCC175AEC26718F0278C5C9F51481612E984D39CFCBCCDA3082C2258BDF75A65D2FFB7483D7EF77E14A9B7E0295C15532FC9270B2725EBEA138C8AB7D963B82E979730DF5F58B3AB3489E96F915FE5DB2FF3244F7D3A98C4D8E401A42B8845EDA65E4D5E2B4A53A8F169CD51F79FDA545395DEDAA674409BAC042E62DBAB81EBFBBA72AD1977BE5E93C92BA8452DD24A38DD7935910008B7846635818E6C0984C8C0BEE5FDF032066134C286682185B823CB308D6135CA9F13423F807AEB7C0FB28CEC07C1AF207B6C519DFC7304D5E7D0CF534253C2A278FDEAD2EE1F13046FF37841D9BF3D59A34DCDC39FC915F071925E22DA6B30DEC7C4FF9AE4F812051700C3CFD8E780F4E74318DB038CA2CEB9EFC32CBB226486C12C21DE3607BC46F8E4B8371CDDA376ED90CC2210C67A8F44DA4DBFF0A6B557A26FA1782686663AEFA44DD58FC92A4476AAF2A66655CB169DAAB2667D55A560769AB29666458B069D7A96ADFAAAF90011A024B6D09337352B5AB6E8D494351BCD352DC834BE6F5AC0EEBF733ACCCF306D5B0D33CEC9660E7F8108A664C70DEE0126AE14AA67C0668BDB855F534C1F15FAEAC76821E97710E5638BDA683514FBD5F8ABA180DDFFD550A8491E3F850175A02C6E6CBC3181B76AAFBF0C76AF3949B36D2F076198DB16BE9D3DC07AB9F093ACEFE5B2ECF766EF94AFBFD777B8B263EE81E75996F861A1B52600CBC267A2B2E40EE174C7D24AE5E5781C190799D3903A32E40921AC2BCFD61DBA8011C4D039F7CB00F50C643E08D4B5410614F4508CBB491AC5EAB89CA8DCF78A4C422198D24E805EC23342CA1061956F21F2C335883AAD24F5B4E42A1D7B25437E7301D71051819D96B011AE0FC351052A39D2A4745968EA3518D74E44C3ADC934E75D57A87ADE95E8D85638D9717733F09239E5AF42CC768B6D819CED26B151C01852DE0541D95DD99600F2C579DF082ADDD80D04657EF256082A5A6C0704154DF2E6085A86486CE75F8A97EC1B3DC540CDF68FF55673ED809B823DDE1C35D95DC276F2E510993539D5C9EF14A2A118BFF988D88793C991EC751B0C523AE3C488989810A6AA512E16F4257CD65DAF8872EC869531575F1E11059F432CC650EB0B80D63157CC2282C8ABAA0DB05E791DA0ECEBBC02A44C620FE57870BD553BE656F580E581F05658761876C096ECD161715E49000D12A9CA35D31C1A0DCDC910F272B7BACF5563A8E8A46C1B56D7AF068E8651F271200EDCC228A62F2DAA616C6E177DEE178D81B1C9683150C75DC060243E98D1ADC4B9DD6D259D8BDBC7C91D6425C9213558890F66742B318E761B49E366F570B4069948748AB6BCD8F8EED56D21DD69DFE7BC1F6423E9586F60551BB3B5697858AD3AC9AB7753AFCC0D650FA69E2189747A03D6EB10AD1A49A5EC89332F334A673FCCFBE759C62586E7679A74CB4ADB4A124E52B082D25B229A687A15A619BE00182C008D31CE825869A6F55B0C672017D9744DD4B9E3E7226F4DFF5DF6D08794055746757E19CC1519644C3DE8223EAB591DFAEE0ECDF30511483521E15912E531323BF4E6DE6590B7D9BF7CA2224C3D497FC561570CA65CAB44EB5BCD8DBA658C374F9587B8F95C99214C16E7179EA6CD4D9720330A8F8936514C71D29DCD9DC9D3EB3B5FB223DE7FBA3A115E6775B174BC26007BD413A391D1A58035DED9A38A49774D4CF18D3DA29459D784945EF5D0B2993F2728D97CB1119EC1A2FA16F612D48CB926BAFAD61E59933BD784D6BCDE005BA3B3FCCE1E55935ED704D6BCB6C7AE73EDE47D748FCF2FE3ED6EC801560611869D60068CD7D914C739001B19414DA0C6E39E582CE7470163CFF79250C68BF0104295E1A36184326098F71F219D46DC7E5A7380CC98428E8CB0C5B7E50899F1FAD17647E4E077C7E18CD05F8E2D6860EAF8ADDF5FC4DBB9382DA618454FC7B7EAD7D3BDA56108F96C6E0D47A8C6B39A3A06A2FF9CD3D06163F58CDFB5366656AB5EC4030CC2E273D1754613ADAA1427AB41CB011B95354ADC466E5271B68ADF48719A298B997457042B4194B289EBF0ED90B8E92F1986F1843698CCFF8866510829D978831B80C225CC7099F5E61E1F1E1D4B15C5FB53DDEB65591069624EA6125F71E2B690BE879E40EA3F82544D9C1C50015B832A5FEBAE51009FCFDC7F15BD4E8B9824FD57F1F880D0FB330AFFC8C98B873487CEBFD59A95717235DBA3267B5ABF696FD5EB7F7E29BB1E3877295931A7CEA164CB4D6658ACEAECA54DD97580361BD77ABEDD052594506A51A505B179C5E422C4A3544B722DFF1A83E7BFF5554D5B1139085153F53816DE28263455356E8265AC680CC84F5C5434F61BACBEC27113D58CD58D21EA0F26D736DA6F43BCE738478D66366BFFAB313C8BCDB1EA28EE8F6DD335A0A26DEB1B62585D14DA4A0006D57EECFA6454AAC2066D336AE5570FB801D55D1B30E38D15468D76366BEA9E46C3DE25B5FB163B7D1B9B89EE3C19B0D4462B22DA97BAA13A8171B7E542DBAC106AF924FF4D1506ED412ABB261375F7E53FDBE69AE9EBD99E27AAF72BF2D933B2B1FCE4DD97F26C9B6CA62F6B7B4EB65E053B7BC6B55D9D9F3B669AF511BA5744EB28BF697E35EB5902331663476287F1E3EA6BD76759896CFD8C373A2DA44F60FC32AEE4FCCAB3A92F922997747D41D07AF1E5A7AF3337582464F2CB7B46F91750F449E92661F51E62145837310B3567C3CB8215762A729516ED62FB8D95F981AD83656DDAC51A6A48DA6433B7A055366BD32EDB509921CBE63B8B22B0FA06AF91624ADDDF45E994B6F042570FD77176B6253DBFA5522961241DA57D5DF7A4D634BAB75419358A5184A56948057B3B8550A39864174B67C4C22771F36BA675F52871EA63C8718A9BD46418E29734FE883EF18EB2705543D0041F047DC123A9DA5CA365C27D234923DE448A67DE400C02E2AE9CA7385C021F93D7F40B5CF187938AEF0AF43BF00206D7E82EC7EB1C9321C37811090179EA60B5C92F2AB8449DA7776BFA2B1B630844CD907EB9BC433FE76114547A5F6962D60608EAB9B120319D4B4C83C5AB970AE936419640CC7C95C3F900E37544C0B23B34074F7013DD08F53EC215F05FEA2F142690EE8910CD3EBD08C12A0571C630EAFEE427E170103FFFF87FB72B264A4B620000, N'6.1.3-40302')
INSERT [dbo].[__MigrationHistory] ([MigrationId], [ContextKey], [Model], [ProductVersion]) VALUES (N'201612050341494_AddTenant', N'WebFormsBEStandaloneStarterKit.Models.ApplicationDbContext', 0x1F8B0800000000000400DD5CDD6EE33616BE2FB0EF20E86AB748ADFCEC0C6603A745EA246DD0C90FC69962EF06B4443BC248942B516982C53ED95EEC23ED2B2C299192F8275196623B8302C55822BF7378F8913C3C3A27FFFBCF7FA73F3DC791F304D32C4CD0997B3439741D88FC2408D1EACCCDF1F2870FEE4F3FFEE5BBE965103F3BBFF37627B41DE989B233F711E3F5A9E765FE238C413689433F4DB26489277E127B2048BCE3C3C37F7847471E24102EC1729CE9A71CE13086C50FF27396201FAE710EA29B248051C69E9337F302D5B90531CCD6C08767EECD93FF6E8E418A61FA5B88276507D7398F42409499C368E93A00A104034C543DFD9CC1394E13B49AAFC903103DBCAC2169B7045106D9104EEBE6B6A3393CA6A3F1EA8E1CCACF339CC43D018F4E98793CB9FB4646762BF311035E1243E3173AEAC28867EE75008B479F9288184016783A8B52DA98D8B912719EAD6F219EF08E9312F22A25707F26E9D74913F1C0B1EE7750D1E9787248FF3B70667984F3149E2198E3144407CE7DBE8842FF37F8F2907C85E8ECE468B13CF9F0EE3D084EDEFF1D9EBC6B8E948C95B4131E9047F769B28629D10D2EABF1BB8E27F6F3E48E55B7469FD22A844B6465B8CE0D78FE08D10A3F923573FCC175AEC26718F0278C5C9F51481612E984D39CFCBCCDA3082C2258BDF75A65D2FFB7483D7EF77E14A9B7E0295C15532FC9270B2725EBEA138C8AB7D963B82E979730DF5F58B3AB3489E96F915FE5DB2FF3244F7D3A98C4D8E401A42B8845EDA65E4D5E2B4A53A8F169CD51F79FDA545395DEDAA674409BAC042E62DBAB81EBFBBA72AD1977BE5E93C92BA8452DD24A38DD7935910008B7846635818E6C0984C8C0BEE5FDF032066134C286682185B823CB308D6135CA9F13423F807AEB7C0FB28CEC07C1AF207B6C519DFC7304D5E7D0CF534253C2A278FDEAD2EE1F13046FF37841D9BF3D59A34DCDC39FC915F071925E22DA6B30DEC7C4FF9AE4F812051700C3CFD8E780F4E74318DB038CA2CEB9EFC32CBB226486C12C21DE3607BC46F8E4B8371CDDA376ED90CC2210C67A8F44DA4DBFF0A6B557A26FA1782686663AEFA44DD58FC92A4476AAF2A66655CB169DAAB2667D55A560769AB29666458B069D7A96ADFAAAF90011A024B6D09337352B5AB6E8D494351BCD352DC834BE6F5AC0EEBF733ACCCF306D5B0D33CEC9660E7F8108A664C70DEE0126AE14AA67C0668BDB855F534C1F15FAEAC76821E97710E5638BDA683514FBD5F8ABA180DDFFD550A8491E3F850175A02C6E6CBC3181B76AAFBF0C76AF3949B36D2F076198DB16BE9D3DC07AB9F093ACEFE5B2ECF766EF94AFBFD777B8B263EE81E75996F861A1B52600CBC267A2B2E40EE174C7D24AE5E5781C190799D3903A32E40921AC2BCFD61DBA8011C4D039F7CB00F50C643E08D4B5410614F4508CBB491AC5EAB89CA8DCF78A4C422198D24E805EC23342CA1061956F21F2C335883AAD24F5B4E42A1D7B25437E7301D71051819D96B011AE0FC351052A39D2A4745968EA3518D74E44C3ADC934E75D57A87ADE95E8D85638D9717733F09239E5AF42CC768B6D819CED26B151C01852DE0541D95DD99600F2C579DF082ADDD80D04657EF256082A5A6C0704154DF2E6085A86486CE75F8A97EC1B3DC540CDF68FF55673ED809B823DDE1C35D95DC276F2E510993539D5C9EF14A2A118BFF988D88793C991EC751B0C523AE3C488989810A6AA512E16F4257CD65DAF8872EC869531575F1E11059F432CC650EB0B80D63157CC2282C8ABAA0DB05E791DA0ECEBBC02A44C620FE57870BD553BE656F580E581F05658761876C096ECD161715E49000D12A9CA35D31C1A0DCDC910F272B7BACF5563A8E8A46C1B56D7AF068E8651F271200EDCC228A62F2DAA616C6E177DEE178D81B1C9683150C75DC060243E98D1ADC4B9DD6D259D8BDBC7C91D6425C9213558890F66742B318E761B49E366F570B4069948748AB6BCD8F8EED56D21DD69DFE7BC1F6423E9586F60551BB3B5697858AD3AC9AB7753AFCC0D650FA69E2189747A03D6EB10AD1A49A5EC89332F334A673FCCFBE759C62586E7679A74CB4ADB4A124E52B082D25B229A687A15A619BE00182C008D31CE825869A6F55B0C672017D9744DD4B9E3E7226F4DFF5DF6D08794055746757E19CC1519644C3DE8223EAB591DFAEE0ECDF30511483521E15912E531323BF4E6DE6590B7D9BF7CA2224C3D497FC561570CA65CAB44EB5BCD8DBA658C374F9587B8F95C99214C16E7179EA6CD4D9720330A8F8936514C71D29DCD9DC9D3EB3B5FB223DE7FBA3A115E6775B174BC26007BD413A391D1A58035DED9A38A49774D4CF18D3DA29459D784945EF5D0B2993F2728D97CB1119EC1A2FA16F612D48CB926BAFAD61E59933BD784D6BCDE005BA3B3FCCE1E55935ED704D6BCB6C7AE73EDE47D748FCF2FE3ED6EC801560611869D60068CD7D914C739001B19414DA0C6E39E582CE7470163CFF79250C68BF0104295E1A36184326098F71F219D46DC7E5A7380CC98428E8CB0C5B7E50899F1FAD17647E4E077C7E18CD05F8E2D6860EAF8ADDF5FC4DBB9382DA618454FC7B7EAD7D3BDA56108F96C6E0D47A8C6B39A3A06A2FF9CD3D06163F58CDFB5366656AB5EC4030CC2E273D1754613ADAA1427AB41CB011B95354ADC466E5271B68ADF48719A298B997457042B4194B289EBF0ED90B8E92F1986F1843698CCFF8866510829D978831B80C225CC7099F5E61E1F1E1D4B15C5FB53DDEB65591069624EA6125F71E2B690BE879E40EA3F82544D9C1C50015B832A5FEBAE51009FCFDC7F15BD4E8B9824FD57F1F880D0FB330AFFC8C98B873487CEBFD59A95717235DBA3267B5ABF696FD5EB7F7E29BB1E3877295931A7CEA164CB4D6658ACEAECA54DD97580361BD77ABEDD052594506A51A505B179C5E422C4A3544B722DFF1A83E7BFF5554D5B1139085153F53816DE28263455356E8265AC680CC84F5C5434F61BACBEC27113D58CD58D21EA0F26D736DA6F43BCE738478D66366BFFAB313C8BCDB1EA28EE8F6DD335A0A26DEB1B62585D14DA4A0006D57EECFA6454AAC2066D336AE5570FB801D55D1B30E38D15468D76366BEA9E46C3DE25B5FB163B7D1B9B89EE3C19B0D4462B22DA97BAA13A8171B7E542DBAC106AF924FF4D1506ED412ABB261375F7E53FDBE69AE9EBD99E27AAF72BF2D933B2B1FCE4DD97F26C9B6CA62F6B7B4EB65E053B7BC6B55D9D9F3B669AF511BA5744EB28BF697E35EB5902331663476287F1E3EA6BD76759896CFD8C373A2DA44F60FC32AEE4FCCAB3A92F922997747D41D07AF1E5A7AF3337582464F2CB7B46F91750F449E92661F51E62145837310B3567C3CB8215762A729516ED62FB8D95F981AD83656DDAC51A6A48DA6433B7A055366BD32EDB509921CBE63B8B22B0FA06AF91624ADDDF45E994B6F042570FD77176B6253DBFA5522961241DA57D5DF7A4D634BAB75419358A5184A56948057B3B8550A39864174B67C4C22771F36BA675F52871EA63C8718A9BD46418E29734FE883EF18EB2705543D0041F047DC123A9DA5CA365C27D234923DE448A67DE400C02E2AE9CA7385C021F93D7F40B5CF187938AEF0AF43BF00206D7E82EC7EB1C9321C37811090179EA60B5C92F2AB8449DA7776BFA2B1B630844CD907EB9BC433FE76114547A5F6962D60608EAB9B120319D4B4C83C5AB970AE936419640CC7C95C3F900E37544C0B23B34074F7013DD08F53EC215F05FEA2F142690EE8910CD3EBD08C12A0571C630EAFEE427E170103FFFF87FB72B264A4B620000, N'6.1.3-40302')
INSERT [dbo].[__MigrationHistory] ([MigrationId], [ContextKey], [Model], [ProductVersion]) VALUES (N'201612061005191_UpdateTenant', N'WebFormsBEStandaloneStarterKit.Models.ApplicationDbContext', 0x1F8B0800000000000400E55CDD6EE3B815BE2FD0771074D516593B3F9DC134B0779175926DB0931F8C338BDE05B4443BC2489457A2B2098A3E592FFA487D85921229897F1265CBB2B3C5008348243F1E1E7E24CFA1CEF17FFFFD9FC90FAF51E8BCC0240D6234754F46C7AE039117FB015A4DDD0C2FBFFBE4FEF0FD1FFF30B9F2A357E7175EEF8CD6232D513A759F315E9F8FC7A9F70C23908EA2C04BE2345EE291174763E0C7E3D3E3E3BF8D4F4EC69040B804CB71265F32848308E60FE47116230FAE7106C2DBD88761CADE9392798EEADC8108A66BE0C1A97BFBE27D9863906098FC1CE051D1C0752EC2001061E6305CBA0E4028C6001351CFBFA6708E9318ADE66BF202848F6F6B48EA2D4198423684F3AABAED688E4FE968C655430EE565298EA38E8027674C3D63B9F9464A764BF511055E1145E3373AEA5C8953F7C687F9AB2F7148142077783E0B135A99E8B9ECE2225DDF413CE20D4705E47542E07E8B936FA33AE29163DDEEA8A4D3E9E898FE3B72665988B3044E11CC7002C223E7215B8481F7337C7B8CBF41343D3B592CCF3E7DF808FCB38F7F85671FEA23256325F58417E4D54312AF61426483CB72FCAE3316DB8DE58665B35A9B422B844B6465B8CE2D78FD0CD10A3F933573FAC975AE8357E8F3378C5C5F514016126984938C3CDE65610816212CCBC78D7DD2FF1B7A3DFDF0B1975EEFC04BB0CAA75EEA9F2C9C84ACAB2F30CC4BD3E7605D2C2F61BE9F58B5EB248EE8B3C8AFA2F4691E67894707131BAB3C826405B128DD645C91D78AD214AA7F5A73D4C3A7369554A5B7B62A1DD0262B817731F46AE0F2EEB65F6BC63D4204106EE499EE981A15ED089384D28A2E27B674416418C3EF7E37089F9D6A745853C01CC709FC092298000CFD0780C91051B544B7DCF5C89F56B3BCD1A45EACD744C5F93028CDBBCFAE04F06EA779B8655DAC87A7768635C35C4520087B382C2D7A21A6EA324822584AFC634CB626803ACBFC00D2949C15FEDF41FADC33E3D5CEE6D0CB12C27642C668BDF3DE1E9E6304EFB2684117D1707DF536358FBFC5D7C0231BD915A2ADB6C6FB1C7BDFE20C5F21FF926C8A5FB1C701E9E36310D903F422CE85E7C134BD266486FE2CCEE839B6CDE2A35BDDBE8DD5590882486FAD4A9BF213AF5A59ACFA1A8AD56AA8A6B35C9B44FD1CAF0264272AAF6A16B5A8D12A2AABD655540A662729AB691634AFD02A6751ABAB98DC18B3909357350BCA4EA4364959B5DEDC969C4CFDFB2D39ECE13B2E876E95EECBEBC9A78F76BAF36334EFE91710667BB3BEEBB4CDF7ABFE57430E7BF8AB211793BC7E097C6A405978F3BC3281B7AAAFBF28685F739264432F07619843773ECC1E605A2E17691A7B41BE0A34F7B8EC164E949F989B4EFB955C311AF95A8F0C8C103DA0671E7943C6E6CAA4BA47973084183A175E71CF3D03A9077C558D64407E07C1F889AA11ACBADE1385FB8BD227613A4C682340FDB594ACD40061755904C80BD6206CD592D4D2F208A3632FFB904B2EE11A22DA61AB266C3AD7DFE65101CA7EA44969D3D0645C635C33110D06B669CEDBACED6ADE95FB984138D962E61B78C9ECB79D10B359630390B359253602186FA6F74150E656D91240F6B10E8DA0927367202833A90621A8A8B13D105454C9BB2368E14DDBCEBFE45A1F1A3D459F7EF863BD515D7BE0A6A08F77474D7681623BF9F26D8A3539D5C96FED4443317EDDB343E2F7C24971047B20A5384F3602D4BEDC0C40CCC229226D30690113959C970B5A085F75DF64C908D9C541CA7C309959147C0EB178ED5939625A0749A1A70822EF6E4D80D50ED8025A285D07C599DE02C0A23594E6CA6AEC303A7EA1DE383C661F7780E597DF8DB0CCAA91606B2452B1EB512BB58AE6D81699DD567E7539B2924ECA2AB172836B381A46C9BB9338700BA5983E8EA88AB1F1F2BAF879B581B1C96850508B4F6650121F4CEF5AE2D46CD792CED5E8E26C6CA525C9313068890FA6772D318EB62B4963EE763078B75291689C0EBCD8F89EDDAE219DD5D5C5EEDA4A47927955C32A8F236BD5F0EBCDF2242FCB26E322D497BD988C0D31C1935BB05E0768558B11666F9C7911203CFB6EDE3D6C362A30C69E4044D9EE287BC2710256502A255D1349AF8324C597008305A097BB333F52AA69ED16C3C9C8BBAC9B26EADCF12392D7A67F172DF4914A8229A39A7B0CE69A0C32A24663FEF94CB33AF4CD1D1AB60D429068BED8CDE2308B90D98635B72E420CEAED8B372AC2642CC9AFD8A78AC2142B5FD4BED5DCA85B467FF3545A889BCF9519C2A471EE78D6756E7246CD28FC6EBA8E62BAAFDEDBDCF19D6CFB19D36FD516F3646AF87FBA9A4CB677D7F9903D9BEE13D38AB09B19AA39D8759006BFDB8CC5E223EB38EC55478C5A889D02562BB34715A320EB9862893DA214EA5887948A3A48590F681484AC176C8467D0A8BE4607F628218C028994527B644D30631D5A53BC01B64666B9CC1E5513EF5807D614DB6357C18FF2297960FBA9C631EED73C296E78B6B34F0C18BBD960FB316F6A215A75A0DAEB8E582C084B0163EF0F9250C66B8E6D0855DCED6D4728038679FF11E29BC4EDA73128CB8C29042D095B7C53D09619AF1B6D774A0EC59B97AB94BD975EBDE4BD4F9827DD9EF6ABB8D64515D7E16A24C7FB5B8A6134A21546F35FC3591840BA99F30AB700054B98E22250CF3D3D3E3995D2860F2785779CA67EA8B98930E5F18A733640CC2D7A0189F70C1235026E8B34D70A54F98673837CF83A75FF99B73ACF6FAAE85FF9EB23E726FD8A825F3352F09864D0F9979A7CD04FDA5FB32F7DA0499AF65ABDF9C753D1F4C8B94FC88A39778E255D6E32C362EA6627698AA65B48D335A173F07514D01DAA353ABD8735F5A708BCFEB98ED463A2E4FBDD7D94FCC3409BD5AB32B36C2892739BBC45EDA0A4CD6BF334C545807B4951ECC02715509B86B815A226D5B02FBC5E54684A25DC04CB9846E893479CA711761BAC3EAD7013D18C2985F97ADA32A1D0FEC8E02DF76816685CD8777B8E1C961DA124436DB5D0D584A75D9C942DBEE8EF321FA8B7C35993EED31BF63EA9BDF31C9F4349EBA9E2DAF69BCD3364024FC397DADF55DECE01449A6BE20BF79F9D3334D74CD7EE071E47DE2D07E7C0C8C6A24EF79F693334D94C57F2074EB64EF93407C6B57D9D9F7B669AF5117A50446BC98EE1019FC366A8F4C2F49E58658C8EDA7586CBBBC969514348E5D9D4A74C145B41E55868ADFFE29BD9D4F5173199FCC241297E03431FE36CEAACDA7B8C1D5655CC9D9A83ABE58EF93251BAE305BA4E4CE1C932B8427DA517A546F398BA299219A78D9A64759ABB35E43B34F5CD6C95C6BE599DE6BE0D5904FBC8C4D1C6F1EBD2AB5ACEDCA618DAF79479238CA425D1ABCDBF6A8CDB794F8936BD2845583D86D893F79357D38B4AF6B1747ACCA311CF997A5C76878C992E8AEC2757468DA2217649ED27F689759406AB0A82FEE03E829E609194756ED032E6B6912411AF225DA6DE420C7C62AE5C243858020F9362FA3928FF81A4FC8A9D7E945C40FF06DD67789D613264182D42E16E9A1A584DFDE70941A2CC93FB357D4AFB18021133A09FD1EED18F5910FAA5DCD79AEB5B0304B5DCD8C7173A97987E8459BD95487731B20462EA2B0DCE4718AD430296DEA33978819BC846A8F719AE80F7565DD69B40DA274254FBE43200AB044429C3A8DA9347C2613F7AFDFE7FF966337B69620000, N'6.1.3-40302')
INSERT [dbo].[__MigrationHistory] ([MigrationId], [ContextKey], [Model], [ProductVersion]) VALUES (N'201701180802357_Update_User_Tenant', N'WebFormsBEStandaloneStarterKit.Models.ApplicationDbContext', 0x1F8B0800000000000400E55CDD6EE3B815BE2FD0771074D516593B3F9DC134B0779175926DB0931F8C338BDE05B4443BC2489457A2B2098A3E592FFA487D85921229897F1265CBB2B3C5028BB1447EE7F0F023790E754EFEFBEFFF4C7E788D42E705266910A3A97B323A761D88BCD80FD06AEA6678F9DD27F787EFFFF887C9951FBD3ABFF07667B41DE989D2A9FB8CF1FA7C3C4EBD6718817414055E12A7F1128FBC381A033F1E9F1E1FFF6D7C72328604C225588E33F992211C4430FF417ECE62E4C135CE40781BFB304CD973F2669EA33A772082E91A7870EADEBE781FE6182418263F07785474709D8B30004499390C97AE03108A31C044D5F3AF299CE32446ABF99A3C00E1E3DB1A92764B10A6900DE1BC6A6E3B9AE3533A9A71D5914379598AE3A823E0C91933CF58EEBE9191DDD27CC48057C4D0F88D8E3A37E2D4BDF161FEE84B1C1203C802CF6761421B133B97222ED2F51DC423DE7154405E2704EEB738F936AA231E39D6FD8E4A3A9D8E8EE97F47CE2C0B7196C02982194E4078E43C648B30F07E866F8FF13788A667278BE5D9A70F1F817FF6F1AFF0EC437DA464ACA49DF0803C7A48E2354C886E70598EDF75C662BFB1DCB1EC56EB5358857089AC0CD7B905AF9F215AE167B2664E3FB9CE75F00A7DFE8491EB2B0AC842229D7092919F775918824508CBF7E34699F4FF0D524F3F7CEC45EA1D780956F9D44BF2C9C249C8BAFA02C3FC6DFA1CAC8BE525CCF7136B769DC411FD2DF2AB78FB348FB3C4A383898D4D1E41B28258D46E32AEC86B45690AD53FAD39EAE1539B6AAAD25BDB940E689395C0450CBD1AB8BEBB956BCDB8478800C28D3CD31D53A3A21F6192F0B6A2CB892D5D1019C6F0BBDF0DC267A71A1BD60C30C771027F8208260043FF01603244542DD12D773DF24FAB59DE68522FD66B62E27C1894E6DD67570278B7D33CDCB22ED6C393C2B0E65E571108C21ECE460B29C4335D0649044B057F8CC94E0450E7913E8034254783FF77903EF74C7055D81C7A5942C84DB817AD772EEDE13946F02E8B1674CD0C27ABB7A979FC2DBE061ED9B7AE10EDB535DEE7D8FB1667F80AF997640FFC8A3D0E487F3E06913D402FEA5C781E4CD36B4266E8CFE28C1E5BCDBB79331CDDD9F6ED9BCE4210447AE754DA839F78D3CA41D5B7509C5443339DA3DAA4EAE77815203B557953B3AA458B565559B3AEAA52303B4D594BB3A27983563D8B565DD5E4BE97859EBCA959517600B569CA9AF516A5E464EA3F4CC9610F3F4E397427745F414E3E7D54E8CE8FD15CD22F20CCF6E66CD7699BEF57FDAF861CF6F05743AE2679FC12F8D481B208DE7963026FD55E7F2FD0BEE624CD865E0EC23087163ECC1E605A2E17691A7B41BE0A34D7B6ECD24DD49FB89B4EFB0D5C311AF9168F0C8C103DA0671E7942C6E6CAA4BA47973084183A175E71AD3D03A9077CD58C64407E07C5F889AA51ACBACD1395FB8B2293301D26B413A0F15A4A566A80B0BA2C02E4056B10B65A49EA697984D1B19732E43797700D1115D86A091BE1FACB3BAA4029479A94360B4DC635C63513D1E0609BE6BCCDDBAEE65DB97E1984932D6EBE8197CC7FDB09319B2D3600399B4D62A380F1227A1F046561952D01E418EBD0082A0577068232976A10828A16DB03414593BC3B8216D1B4EDFC4BA1F5A1D1538CE9873FD61BCDB5076E0AF67877D4641728B6932FDFA65893539DFC56211A8AF1EB1E11FB78343AD90DB7444DF6402ED1DE360AD43EB80C40B022B8217D30E901139564970BFA12BEEA3EA59211B20B8094C552324328F81C62F1FAB20AA8B4818E42331144DEA59A00AB9DAC05B430BA0E8A33B60580255928DD9555D56174FC62BC7178CCCFED00CB2FB11B61997722C1D648A462D7934D6A0DCD292932BBADE2E37264259D94556215CED670348C928F5771E01646317DE4500D6313AD7589D76A036393D160A096D8CA60243E98DEADC4A9D96E255DC8D02568D8CA4A92836FB0121F4CEF56621C6D3792C66DEDE0B86E6522D1C91C78B1F13DBBDD423AEFA98BFFB4958D2437A986551E47D6A6E1D794E5495EBE9B8C8B0C5DF6603236A4F24E6EC17A1DA0552DB5973D71E6455EEFECBB79F76CD7A8C0187BA926E9B5D4B69484E304ACA0F49688269A5E07498A2F01060B402F69677EA434D3FA2D8693918BACBB26EADCF12392B7A6FF2E7AE8138C04574675F718CC351964449DC6FC33986675E8BB3B34DB1A8420D17C799BC5611621B30F6BEE5DA40AD4FB174F5484C958D25FF14F15832961AA687DABB951B78CFEE6A9F410379F2B3384C9E23C80ACDBDC14549A51F81D731DC574EFBCB7B9E33BD9F633A6DFAA2DE6C9D4F1FF7435997CEFAEF3214736DD27A615613733540BB0EB200D71B7198BE539D671D8A38E18B5543905ACF6CE1E55CC66AC638A6FEC11A594C53AA4F4AA8396F5C44441C9FA8B8DF00C16D5B7E8C01E2515512091F2D61E5993945887D6BCDE005BA3B3FCCE1E5593B75807D6BCB6C7AE9218E553F2C0F6534D60DCAF7B52DCF06CE79F183076B3C1F6E3DED452ADEA40B5C71DB158329502C69E1F24A18CD71CDB10AAB8DBDB8E50060CF3FE23E42989DB4F6372951953483E12B6F8A6E42B335E37DAEE941C4A342F3729A59751BD14BD4F5824DD5EADAB84D64513D7E16624C7FB5B8A6134A20D46F35FC3591840BA99F306B700054B98E222E1CE3D3D3E3995AA7D0FA7F2769CA67EA8B9893095DF8A733640EE2C7A0189F70C1235936D8BEAD40A54F98673837CF83A75FF99F73ACF6FAAE8BFF2C747CE4DFA1505BF66E4C5639241E75F6A11413FD57ACDB1F481D656DA5BF5E61F4F45D723E73E212BE6DC39966CB9C90C8B15979DB429BA6EA14DD73ACCC1D7514077A8D62CF31ED6D49F22F0FAE73A528FF58DEF77F751CA06036D31AECACCB2A348CE26F3AAD285F243ED98A4BD6BF36AC345807BA934EC402715505B4DB815A2A662B02FBC5E4C68AA08DC04CB580DE8939F38AF06EC36587D75E026AA192B03F3E5B4655DA0FD89C17BEED12BD044B0EFF618392C3742A969DA6AA1AB754BBB38285B42D1DF65594F6F67B3A66AA737EC7D527BE7A53A87529D53A5B5EDB72867C83A9C860FB5BFABF29B034818D7A417EEBFC86668AE996EDD0F3C1DBC5B29CD81918D259DEEBF606668B2996EE40F9C6C9DCA620E8C6BFB3A3FF7CC34EB23F4A088D652E4C2F33D372B34E985B13DB1C398E4B4EB429577539AA26682CAB3A9AF7C289674152068BDF8E2D3D7D4F5173199FC22D028FE24853E55D924ACDA438C02AB2666A1E61C695930A7BB228EBFD009316519CBE00AF515294A8BE63175332473321B2DC9DA348B35942D34C9663E47A36CD6A659B6A118601F0535DA747C5D9554CBD9D9940AFB9E0A688491B4D46BB5C5498DE937EFA95EA617A308ABC79042F27ECA637A31C93E964E8FE530E239534FAFEE50F8D2C590FD94BCA8C930C42FA9FD817BE21DA5C1AA82A07FEE1E414FF048CA3637681973DF48D28837912E456F21063E71572E121C2C8187C96BFA5927FF7B45F95539FDB8B880FE0DBACFF03AC364C8305A84C21D3375B09AE4E7753DA2CE93FB35FD95F63104A266403F87DDA31FB320F44BBDAF35D7B00608EAB9B18F28742E31FD98B27A2B91EE626409C4CC573A9C8F305A87042CBD4773F00237D18D50EF335C01EFADBA743781B44F8468F6C96500560988528651F5273F0987FDE8F5FBFF0149754AF8E7610000, N'6.1.3-40302')
INSERT [dbo].[AspNetRoles] ([Id], [Name]) VALUES (N'50749EE7-A328-4311-B217-7F167110CB96', N'Employee')
INSERT [dbo].[AspNetRoles] ([Id], [Name]) VALUES (N'D348B9AE-8D03-4B7A-8DDE-1A50A059E54C', N'Manager')
INSERT [dbo].[AspNetRoles] ([Id], [Name]) VALUES (N'05D8664A-E423-4173-96F0-459FDEA70043', N'VP')
INSERT [dbo].[AspNetUserRoles] ([UserId], [RoleId]) VALUES (N'0923f6f7-3e43-486b-a3fd-43a3072ef427', N'D348B9AE-8D03-4B7A-8DDE-1A50A059E54C')
INSERT [dbo].[AspNetUserRoles] ([UserId], [RoleId]) VALUES (N'0ecc32e9-e852-42ca-bfb5-78641bde4fd7', N'50749EE7-A328-4311-B217-7F167110CB96')
INSERT [dbo].[AspNetUserRoles] ([UserId], [RoleId]) VALUES (N'39bf0d97-1833-4b80-84dc-8c2293df3f97', N'D348B9AE-8D03-4B7A-8DDE-1A50A059E54C')
INSERT [dbo].[AspNetUserRoles] ([UserId], [RoleId]) VALUES (N'3b4f2455-60df-4820-8554-a1444e2be657', N'50749EE7-A328-4311-B217-7F167110CB96')
INSERT [dbo].[AspNetUserRoles] ([UserId], [RoleId]) VALUES (N'4d543ed3-b644-4c62-8bb1-3ef95b07f81a', N'50749EE7-A328-4311-B217-7F167110CB96')
INSERT [dbo].[AspNetUserRoles] ([UserId], [RoleId]) VALUES (N'53389f0d-a2a0-4d69-80e3-989d8b79f337', N'05D8664A-E423-4173-96F0-459FDEA70043')
INSERT [dbo].[AspNetUserRoles] ([UserId], [RoleId]) VALUES (N'54f61138-05b0-4afa-9966-cc8f61c95516', N'50749EE7-A328-4311-B217-7F167110CB96')
INSERT [dbo].[AspNetUserRoles] ([UserId], [RoleId]) VALUES (N'6c8e807d-1d50-43e7-9101-58e64a6016d7', N'D348B9AE-8D03-4B7A-8DDE-1A50A059E54C')
INSERT [dbo].[AspNetUserRoles] ([UserId], [RoleId]) VALUES (N'989dc685-24c9-48c4-83b2-8c6eb41583e2', N'05D8664A-E423-4173-96F0-459FDEA70043')
INSERT [dbo].[AspNetUserRoles] ([UserId], [RoleId]) VALUES (N'fe0bc489-10d5-44d2-97c4-a7b24fae0cf2', N'05D8664A-E423-4173-96F0-459FDEA70043')
INSERT [dbo].[AspNetUsers] ([Id], [Email], [EmailConfirmed], [PasswordHash], [SecurityStamp], [PhoneNumber], [PhoneNumberConfirmed], [TwoFactorEnabled], [LockoutEndDateUtc], [LockoutEnabled], [AccessFailedCount], [UserName], [Tenant_Id]) VALUES (N'0923f6f7-3e43-486b-a3fd-43a3072ef427', N'manager@retcl.com', 0, N'AHV79q4HJTe7m6v3QlQsxcOIc1rGIeyg/lEgutm6m6RnufoH0pGYxagbKZd0381tJQ==', N'7089bb8c-2624-495a-bb96-a3f3e451a538', NULL, 0, 0, NULL, 1, 0, N'manager@retcl.com', 3)
INSERT [dbo].[AspNetUsers] ([Id], [Email], [EmailConfirmed], [PasswordHash], [SecurityStamp], [PhoneNumber], [PhoneNumberConfirmed], [TwoFactorEnabled], [LockoutEndDateUtc], [LockoutEnabled], [AccessFailedCount], [UserName], [Tenant_Id]) VALUES (N'0ecc32e9-e852-42ca-bfb5-78641bde4fd7', N'employee@retcl.com', 0, N'AAaF7cl2gi7BGwj6X/KAPrHPXFnSsPpjJd+ixBgKwRYjUfS4quCK9ykjYNkbm+Bn8w==', N'df3cbc75-cafc-4abb-93d2-c443b6e5a6b8', NULL, 0, 0, NULL, 1, 0, N'employee@retcl.com', 3)
INSERT [dbo].[AspNetUsers] ([Id], [Email], [EmailConfirmed], [PasswordHash], [SecurityStamp], [PhoneNumber], [PhoneNumberConfirmed], [TwoFactorEnabled], [LockoutEndDateUtc], [LockoutEnabled], [AccessFailedCount], [UserName], [Tenant_Id]) VALUES (N'39bf0d97-1833-4b80-84dc-8c2293df3f97', N'manager@natwr.com', 0, N'ADOgB5dOSn0tZ+8M2hc1ilQrD23VPmDkFUYa/ClVfRZ/A7wdInuIaBwWZvy+fqt2DQ==', N'20a2d154-b7f8-4159-8503-23cca683fbbb', NULL, 0, 0, NULL, 1, 0, N'manager@natwr.com', 2)
INSERT [dbo].[AspNetUsers] ([Id], [Email], [EmailConfirmed], [PasswordHash], [SecurityStamp], [PhoneNumber], [PhoneNumberConfirmed], [TwoFactorEnabled], [LockoutEndDateUtc], [LockoutEnabled], [AccessFailedCount], [UserName], [Tenant_Id]) VALUES (N'3b4f2455-60df-4820-8554-a1444e2be657', N'employee@natwr.com', 0, N'AIS8stm4bYHvixda1HbizCTp7JXQgnNCrhYdCi1tVU8klkyieBn28YA13mykhedXRw==', N'0b7c3dd7-c380-44f8-835c-37005130c67f', NULL, 0, 0, NULL, 1, 0, N'employee@natwr.com', 2)
INSERT [dbo].[AspNetUsers] ([Id], [Email], [EmailConfirmed], [PasswordHash], [SecurityStamp], [PhoneNumber], [PhoneNumberConfirmed], [TwoFactorEnabled], [LockoutEndDateUtc], [LockoutEnabled], [AccessFailedCount], [UserName], [Tenant_Id]) VALUES (N'4d543ed3-b644-4c62-8bb1-3ef95b07f81a', N'test@test.com', 0, N'AOprAQ2goq2IjALhL+6Nb+SRbO1eu7ilsFxghIRlHDdggXb5HTLFdICKEsa7/0YCFg==', N'a162b531-c757-4fdc-9bb8-dc24632b7a1f', NULL, 0, 0, NULL, 1, 0, N'test@test.com', 4)
INSERT [dbo].[AspNetUsers] ([Id], [Email], [EmailConfirmed], [PasswordHash], [SecurityStamp], [PhoneNumber], [PhoneNumberConfirmed], [TwoFactorEnabled], [LockoutEndDateUtc], [LockoutEnabled], [AccessFailedCount], [UserName], [Tenant_Id]) VALUES (N'53389f0d-a2a0-4d69-80e3-989d8b79f337', N'vp@deldg.com', 0, N'AIgtOxuPAIXSFJAVMtEuovrid4iUGRkYEd7vU7M202KUNwZmXLNaxb6tGp/Gjrvctw==', N'f93620e4-b5d8-4f1a-b8a8-6bcbed3e517f', NULL, 0, 0, NULL, 1, 0, N'vp@deldg.com', 1)
INSERT [dbo].[AspNetUsers] ([Id], [Email], [EmailConfirmed], [PasswordHash], [SecurityStamp], [PhoneNumber], [PhoneNumberConfirmed], [TwoFactorEnabled], [LockoutEndDateUtc], [LockoutEnabled], [AccessFailedCount], [UserName], [Tenant_Id]) VALUES (N'54f61138-05b0-4afa-9966-cc8f61c95516', N'employee@deldg.com', 0, N'ANiKxor5xHEvr31mJIurcitLgKVVWWsXDzh7sYc8Blpi13a4gSYQEUACfwES2yxAAQ==', N'0c2865da-36ad-49fd-a999-5a5ed9b62e7a', NULL, 0, 0, NULL, 1, 0, N'employee@deldg.com', 1)
INSERT [dbo].[AspNetUsers] ([Id], [Email], [EmailConfirmed], [PasswordHash], [SecurityStamp], [PhoneNumber], [PhoneNumberConfirmed], [TwoFactorEnabled], [LockoutEndDateUtc], [LockoutEnabled], [AccessFailedCount], [UserName], [Tenant_Id]) VALUES (N'55218e81-fbfa-4af6-8cb9-dfc3943b3dd0', N'IzendaAdmin@system.com', 0, N'AHJqxd2QhfkwG/+YAWMHt2lfy7v7f1AnWkqCj4wqjVjGyEk/o/klPzgh67wMeEDa1w==', N'c45d0f3b-cb5c-499c-996d-c7c801a564c9', NULL, 0, 0, NULL, 1, 0, N'IzendaAdmin@system.com', NULL)
INSERT [dbo].[AspNetUsers] ([Id], [Email], [EmailConfirmed], [PasswordHash], [SecurityStamp], [PhoneNumber], [PhoneNumberConfirmed], [TwoFactorEnabled], [LockoutEndDateUtc], [LockoutEnabled], [AccessFailedCount], [UserName], [Tenant_Id]) VALUES (N'6c8e807d-1d50-43e7-9101-58e64a6016d7', N'manager@deldg.com', 0, N'AJ0ePkShYliQiEIT0Hz8uwbUJulCL7q6CFYZI3gsetxT+ZsHdI3YCMValOO8dO8BEg==', N'9cf892dc-2d2a-4022-b75c-1de7d63d5d04', NULL, 0, 0, NULL, 1, 0, N'manager@deldg.com', 1)
INSERT [dbo].[AspNetUsers] ([Id], [Email], [EmailConfirmed], [PasswordHash], [SecurityStamp], [PhoneNumber], [PhoneNumberConfirmed], [TwoFactorEnabled], [LockoutEndDateUtc], [LockoutEnabled], [AccessFailedCount], [UserName], [Tenant_Id]) VALUES (N'989dc685-24c9-48c4-83b2-8c6eb41583e2', N'VP@natwr.com', 0, N'AGgloOuTPiCEl2k6gydiMeAnfEcOWbgoLY8z3WPtIhP0oHf2xxc/5KkKMhW1gvjsoQ==', N'10f4a7f0-7b7f-4286-b516-7a17d836a26a', NULL, 0, 0, NULL, 1, 0, N'VP@natwr.com', 2)
INSERT [dbo].[AspNetUsers] ([Id], [Email], [EmailConfirmed], [PasswordHash], [SecurityStamp], [PhoneNumber], [PhoneNumberConfirmed], [TwoFactorEnabled], [LockoutEndDateUtc], [LockoutEnabled], [AccessFailedCount], [UserName], [Tenant_Id]) VALUES (N'fe0bc489-10d5-44d2-97c4-a7b24fae0cf2', N'vp@retcl.com', 0, N'AArqjBohnbADd3v7kXa3qxg2QumNqTIzZKtz/ht/8k8BBDUiCC3HjDXFebRBT8TXtg==', N'0d9be60f-5ae5-47f1-9f91-a5d7663415d9', NULL, 0, 0, NULL, 1, 0, N'vp@retcl.com', 3)
SET IDENTITY_INSERT [dbo].[Tenants] ON 

INSERT [dbo].[Tenants] ([Id], [Name]) VALUES (1, N'DELDG')
INSERT [dbo].[Tenants] ([Id], [Name]) VALUES (2, N'NATWR')
INSERT [dbo].[Tenants] ([Id], [Name]) VALUES (3, N'RETCL')
INSERT [dbo].[Tenants] ([Id], [Name]) VALUES (4, N'test')
INSERT [dbo].[Tenants] ([Id], [Name]) VALUES (5, N'test3')
INSERT [dbo].[Tenants] ([Id], [Name]) VALUES (6, N'test4')
SET IDENTITY_INSERT [dbo].[Tenants] OFF
SET ANSI_PADDING ON

GO
/****** Object:  Index [RoleNameIndex]    Script Date: 2/17/2017 8:12:11 AM ******/
CREATE UNIQUE NONCLUSTERED INDEX [RoleNameIndex] ON [dbo].[AspNetRoles]
(
	[Name] ASC
)WITH (PAD_INDEX = OFF, STATISTICS_NORECOMPUTE = OFF, SORT_IN_TEMPDB = OFF, IGNORE_DUP_KEY = OFF, DROP_EXISTING = OFF, ONLINE = OFF, ALLOW_ROW_LOCKS = ON, ALLOW_PAGE_LOCKS = ON) ON [PRIMARY]
GO
SET ANSI_PADDING ON

GO
/****** Object:  Index [IX_UserId]    Script Date: 2/17/2017 8:12:11 AM ******/
CREATE NONCLUSTERED INDEX [IX_UserId] ON [dbo].[AspNetUserClaims]
(
	[UserId] ASC
)WITH (PAD_INDEX = OFF, STATISTICS_NORECOMPUTE = OFF, SORT_IN_TEMPDB = OFF, DROP_EXISTING = OFF, ONLINE = OFF, ALLOW_ROW_LOCKS = ON, ALLOW_PAGE_LOCKS = ON) ON [PRIMARY]
GO
SET ANSI_PADDING ON

GO
/****** Object:  Index [IX_UserId]    Script Date: 2/17/2017 8:12:11 AM ******/
CREATE NONCLUSTERED INDEX [IX_UserId] ON [dbo].[AspNetUserLogins]
(
	[UserId] ASC
)WITH (PAD_INDEX = OFF, STATISTICS_NORECOMPUTE = OFF, SORT_IN_TEMPDB = OFF, DROP_EXISTING = OFF, ONLINE = OFF, ALLOW_ROW_LOCKS = ON, ALLOW_PAGE_LOCKS = ON) ON [PRIMARY]
GO
SET ANSI_PADDING ON

GO
/****** Object:  Index [IX_RoleId]    Script Date: 2/17/2017 8:12:11 AM ******/
CREATE NONCLUSTERED INDEX [IX_RoleId] ON [dbo].[AspNetUserRoles]
(
	[RoleId] ASC
)WITH (PAD_INDEX = OFF, STATISTICS_NORECOMPUTE = OFF, SORT_IN_TEMPDB = OFF, DROP_EXISTING = OFF, ONLINE = OFF, ALLOW_ROW_LOCKS = ON, ALLOW_PAGE_LOCKS = ON) ON [PRIMARY]
GO
SET ANSI_PADDING ON

GO
/****** Object:  Index [IX_UserId]    Script Date: 2/17/2017 8:12:11 AM ******/
CREATE NONCLUSTERED INDEX [IX_UserId] ON [dbo].[AspNetUserRoles]
(
	[UserId] ASC
)WITH (PAD_INDEX = OFF, STATISTICS_NORECOMPUTE = OFF, SORT_IN_TEMPDB = OFF, DROP_EXISTING = OFF, ONLINE = OFF, ALLOW_ROW_LOCKS = ON, ALLOW_PAGE_LOCKS = ON) ON [PRIMARY]
GO
/****** Object:  Index [IX_Tenant_Id]    Script Date: 2/17/2017 8:12:11 AM ******/
CREATE NONCLUSTERED INDEX [IX_Tenant_Id] ON [dbo].[AspNetUsers]
(
	[Tenant_Id] ASC
)WITH (PAD_INDEX = OFF, STATISTICS_NORECOMPUTE = OFF, SORT_IN_TEMPDB = OFF, DROP_EXISTING = OFF, ONLINE = OFF, ALLOW_ROW_LOCKS = ON, ALLOW_PAGE_LOCKS = ON) ON [PRIMARY]
GO
SET ANSI_PADDING ON

GO
/****** Object:  Index [UserNameIndex]    Script Date: 2/17/2017 8:12:11 AM ******/
CREATE UNIQUE NONCLUSTERED INDEX [UserNameIndex] ON [dbo].[AspNetUsers]
(
	[UserName] ASC
)WITH (PAD_INDEX = OFF, STATISTICS_NORECOMPUTE = OFF, SORT_IN_TEMPDB = OFF, IGNORE_DUP_KEY = OFF, DROP_EXISTING = OFF, ONLINE = OFF, ALLOW_ROW_LOCKS = ON, ALLOW_PAGE_LOCKS = ON) ON [PRIMARY]
GO
ALTER TABLE [dbo].[AspNetUserClaims]  WITH CHECK ADD  CONSTRAINT [FK_dbo.AspNetUserClaims_dbo.AspNetUsers_UserId] FOREIGN KEY([UserId])
REFERENCES [dbo].[AspNetUsers] ([Id])
ON DELETE CASCADE
GO
ALTER TABLE [dbo].[AspNetUserClaims] CHECK CONSTRAINT [FK_dbo.AspNetUserClaims_dbo.AspNetUsers_UserId]
GO
ALTER TABLE [dbo].[AspNetUserLogins]  WITH CHECK ADD  CONSTRAINT [FK_dbo.AspNetUserLogins_dbo.AspNetUsers_UserId] FOREIGN KEY([UserId])
REFERENCES [dbo].[AspNetUsers] ([Id])
ON DELETE CASCADE
GO
ALTER TABLE [dbo].[AspNetUserLogins] CHECK CONSTRAINT [FK_dbo.AspNetUserLogins_dbo.AspNetUsers_UserId]
GO
ALTER TABLE [dbo].[AspNetUserRoles]  WITH CHECK ADD  CONSTRAINT [FK_dbo.AspNetUserRoles_dbo.AspNetRoles_RoleId] FOREIGN KEY([RoleId])
REFERENCES [dbo].[AspNetRoles] ([Id])
ON DELETE CASCADE
GO
ALTER TABLE [dbo].[AspNetUserRoles] CHECK CONSTRAINT [FK_dbo.AspNetUserRoles_dbo.AspNetRoles_RoleId]
GO
ALTER TABLE [dbo].[AspNetUserRoles]  WITH CHECK ADD  CONSTRAINT [FK_dbo.AspNetUserRoles_dbo.AspNetUsers_UserId] FOREIGN KEY([UserId])
REFERENCES [dbo].[AspNetUsers] ([Id])
ON DELETE CASCADE
GO
ALTER TABLE [dbo].[AspNetUserRoles] CHECK CONSTRAINT [FK_dbo.AspNetUserRoles_dbo.AspNetUsers_UserId]
GO
ALTER TABLE [dbo].[AspNetUsers]  WITH CHECK ADD  CONSTRAINT [FK_dbo.AspNetUsers_dbo.Tenants_Tenant_Id] FOREIGN KEY([Tenant_Id])
REFERENCES [dbo].[Tenants] ([Id])
GO
ALTER TABLE [dbo].[AspNetUsers] CHECK CONSTRAINT [FK_dbo.AspNetUsers_dbo.Tenants_Tenant_Id]
GO
USE [master]
GO
ALTER DATABASE [WebFormsBEStandalone] SET  READ_WRITE 
GO
